reference,candidate,n_lanes,metric,paired_mean_difference,paired_ci_low,paired_ci_high,n_paired_eval_episodes
baseline100,pen500,2,reward,-3340.5,-3365.75,-3315.0,20
baseline100,pen500,2,falls,2.0,2.0,2.0,20
baseline100,pen500,2,avoidance_rate,-1.0,-1.0,-1.0,20
baseline100,pen500,2,near_hole_lane_changes,-6.9,-7.3,-6.5,20
baseline100,pen500,2,lane_concentration,-0.04411572342196875,-0.06153192642695645,-0.02816859510415527,20
baseline100,vis40,2,reward,-2016.75,-2054.75,-1974.75,20
baseline100,vis40,2,falls,3.9,3.75,4.0,20
baseline100,vis40,2,avoidance_rate,-0.6285714285714284,-0.6797619047619047,-0.5892857142857142,20
baseline100,vis40,2,near_hole_lane_changes,-4.5,-4.95125,-4.0,20
baseline100,vis40,2,lane_concentration,0.29399814998627083,0.27939374184176335,0.3089556104283473,20
baseline100,vis50,2,reward,-295.75,-479.26875,-128.25,20
baseline100,vis50,2,falls,0.6,0.3,0.95,20
baseline100,vis50,2,avoidance_rate,-0.07097222222222223,-0.11069444444444446,-0.034305555555555554,20
baseline100,vis50,2,near_hole_lane_changes,21.15,18.0,23.65,20
baseline100,vis50,2,lane_concentration,0.06196615753477217,0.042349079828167824,0.08455934786787873,20
baseline100,pen500,3,reward,-862.25,-1251.01875,-484.2312500000003,20
baseline100,pen500,3,falls,-0.25,-0.45,-0.0987500000000182,20
baseline100,pen500,3,avoidance_rate,0.02613861832611833,-0.004564224837662349,0.062078936688311694,20
baseline100,pen500,3,near_hole_lane_changes,12.55,9.55,15.65,20
baseline100,pen500,3,lane_concentration,0.14148200673494257,0.11305496422881056,0.17413948345052718,20
baseline100,vis40,3,reward,-1538.5,-1743.0125,-1309.24375,20
baseline100,vis40,3,falls,2.9,2.45,3.3,20
baseline100,vis40,3,avoidance_rate,-0.802157738095238,-0.8794903273809525,-0.7249255952380953,20
baseline100,vis40,3,near_hole_lane_changes,-5.4,-6.65,-4.05,20
baseline100,vis40,3,lane_concentration,0.3366789385279313,0.2840664414440309,0.39353706286609696,20
baseline100,vis50,3,reward,-173.75,-267.75,-95.25,20
baseline100,vis50,3,falls,0.1,-0.1,0.3,20
baseline100,vis50,3,avoidance_rate,0.022792658730158726,-0.022249503968253977,0.07006510416666666,20
baseline100,vis50,3,near_hole_lane_changes,13.95,9.8,18.2,20
baseline100,vis50,3,lane_concentration,0.2781526081870517,0.2143124060337861,0.3452196164650898,20
baseline100,pen500,5,reward,-789.25,-1335.5,-175.23125000000027,20
baseline100,pen500,5,falls,-1.45,-2.1,-0.75,20
baseline100,pen500,5,avoidance_rate,0.1641025641025641,0.0,0.3384615384615384,20
baseline100,pen500,5,near_hole_lane_changes,1.2,0.4,2.2,20
baseline100,pen500,5,lane_concentration,-0.012101095950915231,-0.019754173759217664,-0.0052387618167572874,20
baseline100,vis40,5,reward,-88.75,-505.01875,355.5187499999997,20
baseline100,vis40,5,falls,-0.35,-1.15,0.45,20
baseline100,vis40,5,avoidance_rate,0.0,0.0,0.0,20
baseline100,vis40,5,near_hole_lane_changes,0.0,0.0,0.0,20
baseline100,vis40,5,lane_concentration,0.0002837808483979576,-0.0013787113080546754,0.0035262962822612313,20
baseline100,vis50,5,reward,-543.25,-872.7625,-240.0,20
baseline100,vis50,5,falls,0.45,-0.2,1.15,20
baseline100,vis50,5,avoidance_rate,0.5882679412091177,0.49354617604617607,0.6791271636859871,20
baseline100,vis50,5,near_hole_lane_changes,12.5,9.1,16.4,20
baseline100,vis50,5,lane_concentration,-0.039588087865106515,-0.0555204104395889,-0.026488130551392614,20
baseline100,pen500,10,reward,-1879.75,-2177.25625,-1604.74375,20
baseline100,pen500,10,falls,-0.5,-1.1,0.15,20
baseline100,pen500,10,avoidance_rate,0.3317708333333333,0.19374999999999998,0.48020833333333335,20
baseline100,pen500,10,near_hole_lane_changes,1.95,1.1,2.95,20
baseline100,pen500,10,lane_concentration,-0.2306237012486899,-0.3176075346666222,-0.14349848257697068,20
baseline100,vis40,10,reward,-924.0,-1208.25625,-662.75,20
baseline100,vis40,10,falls,1.6,1.05,2.25,20
baseline100,vis40,10,avoidance_rate,0.0,0.0,0.0,20
baseline100,vis40,10,near_hole_lane_changes,0.0,0.0,0.0,20
baseline100,vis40,10,lane_concentration,-0.002008546890934981,-0.002249277383909862,-0.0017774213375922993,20
baseline100,vis50,10,reward,-622.75,-957.50625,-299.9937500000001,20
baseline100,vis50,10,falls,0.7,0.0,1.4,20
baseline100,vis50,10,avoidance_rate,0.8065835265486221,0.6859202112958671,0.8778264563274109,20
baseline100,vis50,10,near_hole_lane_changes,44.7,37.14875,52.1,20
baseline100,vis50,10,lane_concentration,-0.2522190481408976,-0.29964375731782905,-0.204723731921904,20
