experiment,experiment_label,n_lanes,observation_dim,visibility_range,fall_time_penalty,collision_penalty,exploration_fraction,exploration_final_eps,learning_starts,training_episodes,train_last100_reward_mean,train_last500_reward_mean,train_last500_reward_std,train_last500_slope_per_episode,train_reward_auc_normalized,end_eval_reward_mean,end_eval_reward_std,end_eval_reward_ci_low,end_eval_reward_ci_high,end_eval_steps_mean,end_eval_distance_mean,end_eval_falls_mean,end_eval_collisions_mean,end_eval_avoided_mean,end_eval_passed_other_lane_mean,end_eval_unprotected_pass_mean,end_eval_avoidance_rate_mean,end_eval_near_hole_lane_changes_mean,end_eval_action_entropy_mean,end_eval_lane_entropy_mean,end_eval_lane_concentration_mean,end_eval_dominant_lane_mode,end_eval_boundary_noop_rate_mean,end_eval_success_rate,end_eval_success_ci_low,end_eval_success_ci_high,reward_improvement_beginning_to_end,avoidance_improvement_beginning_to_end
baseline100,vis25 / fall100 / coll−10 / ε0.025,2,4,25.0,100,-10.0,0.25,0.025,5000,2000,4528.05,4597.55,407.5488283629337,-0.3401771207084836,4179.7975,5000.0,0.0,5000.0,5000.0,1000.0,500.0,0.0,0.0,6.2,2.8,0.0,1.0,6.9,0.8517877955933384,0.8917573131644116,0.6879000000000001,0,0.9835421548497025,1.0,1.0,1.0,1665.75,1.0
baseline100,vis25 / fall100 / coll−10 / ε0.025,3,5,25.0,100,-10.0,0.25,0.025,5000,2000,4260.9,4183.15,482.5201835156743,0.4578687914751658,4067.1625,4521.75,514.2233828794641,4289.96875,4740.0,907.35,453.675,1.0,1.0,4.45,5.75,0.0,0.802157738095238,5.4,0.47141852508700993,0.7173625095784057,0.6633210614720688,2,0.8973262164620293,0.4,0.2,0.6,793.5,0.14239583333333328
baseline100,vis25 / fall100 / coll−10 / ε0.025,5,7,25.0,100,-10.0,0.25,0.025,5000,2000,3990.85,3933.35,518.8023009779351,0.038239112956452194,3810.325,3720.75,600.4087670079443,3479.24375,3989.5125,752.25,376.125,2.7,2.7,0.0,11.9,0.0,0.0,0.0,0.0018982292011523985,0.0045381376327355595,0.9984,2,0.03571428571428571,0.15,0.0,0.3,-113.0,0.0
baseline100,vis25 / fall100 / coll−10 / ε0.025,10,12,25.0,100,-10.0,0.25,0.025,5000,2000,3440.75,3449.65,526.9727009058439,0.18703970815883125,3351.0875,3907.25,633.333393640348,3645.99375,4189.75625,788.35,394.175,2.3,2.3,0.0,27.5,0.0,0.0,0.0,0.6192177721856102,0.012897140336215893,0.9961110910471836,9,0.990880161793141,0.2,0.05,0.4,0.0,0.0
pen500,vis25 / fall500 / coll−10 / ε0.025,2,4,25.0,500,-10.0,0.25,0.025,5000,2000,3755.15,3950.21,1169.9387188652233,-0.8333872535490169,2966.5,1659.5,57.8770248025933,1634.0,1685.75,337.9,168.95,2.0,2.0,0.0,0.95,0.0,0.0,0.0,0.5247683393026006,0.9382395800178596,0.6437842765780313,0,0.9887572303820852,0.0,0.0,0.0,0.0,0.0
pen500,vis25 / fall500 / coll−10 / ε0.025,3,5,25.0,500,-10.0,0.25,0.025,5000,2000,2803.25,2945.6,1079.478179492295,-1.088079872319491,2576.7625,3659.5,1315.7458911203182,3076.73125,4240.5125,734.15,367.075,0.75,0.75,6.4,1.5,0.0,0.862637085137085,17.95,0.6725572218686506,0.5090524056015617,0.8048030682070111,2,0.9128283087815546,0.4,0.2,0.6,1222.75,0.25763708513708505
pen500,vis25 / fall500 / coll−10 / ε0.025,5,7,25.0,500,-10.0,0.25,0.025,5000,2000,2817.35,2686.06,983.7916834370984,0.11905391621566262,2288.4025,2931.5,1135.1509811474418,2471.9875,3453.2625,590.05,295.025,1.25,1.25,0.7,8.7,0.0,0.22499999999999998,1.2,0.043968115739707964,0.04450352799200068,0.9862989040490847,4,0.9894707138812106,0.2,0.05,0.4,162.5,0.22499999999999998
pen500,vis25 / fall500 / coll−10 / ε0.025,10,12,25.0,500,-10.0,0.25,0.025,5000,2000,2008.55,1986.8,689.0842183652154,0.16660482641930616,1818.8275,2027.5,400.5168535779737,1848.49375,2199.5,410.9,205.45,1.8,1.8,1.6,9.9,0.0,0.35375,1.95,0.1408047473149337,0.22789628106278745,0.7654873897984937,5,0.31944713908955397,0.0,0.0,0.0,-722.25,0.35375
vis40,vis40 / fall100 / coll−100 / ε0.1,2,4,40.0,100,-100.0,0.25,0.1,5000,2000,3844.55,3909.48,595.7311722580916,0.48914595658382576,3774.2575,2983.25,90.36419368311765,2945.0,3025.00625,678.55,339.275,3.9,3.9,2.4,0.0,0.0,0.3714285714285714,2.4,0.6781944268692918,0.12889174863965752,0.9818981499862709,0,0.9785706318182701,0.0,0.0,0.0,0.0,0.3714285714285714
vis40,vis40 / fall100 / coll−100 / ε0.1,3,5,40.0,100,-100.0,0.25,0.1,5000,2000,3423.85,3755.0,628.8426671274779,-1.6330169320677284,3710.07,2983.25,90.36419368311765,2944.5,3024.75,678.55,339.275,3.9,3.9,0.0,4.9,0.0,0.0,0.0,0.008036319519489268,0.0,1.0,0,0.9985238064327353,0.0,0.0,0.0,-506.5,-0.6733531746031746
vis40,vis40 / fall100 / coll−100 / ε0.1,5,7,40.0,100,-100.0,0.25,0.1,5000,2000,3479.05,3554.52,630.5552074164482,-0.7840394561578243,3466.475,3632.0,735.9677302708319,3330.99375,3966.75,775.75,387.875,2.35,2.35,0.0,12.8,0.0,0.0,0.0,0.0,0.006234119293024207,0.9986837808483979,4,0.9973675616967957,0.2,0.05,0.4,0.0,0.0
vis40,vis40 / fall100 / coll−100 / ε0.1,10,12,40.0,100,-100.0,0.25,0.1,5000,2000,3033.9,3144.83,598.3815848603632,-0.4251720206880832,3013.9625,2983.25,90.36419368311765,2944.74375,3023.50625,678.55,339.275,3.9,3.9,0.0,22.35,0.0,0.0,0.0,0.026002696800660786,0.019251138836497782,0.9941025441562485,0,0.9925840693453531,0.0,0.0,0.0,-577.25,0.0
vis50,vis50 / fall100 / coll−100 / ε0.1,2,4,50.0,100,-100.0,0.25,0.1,5000,2000,3868.05,4189.97,579.63648013216,-1.5476829107316417,3865.3025,4704.25,405.46971218575624,4517.5,4871.75,953.45,476.725,0.6,0.6,8.1,0.0,0.0,0.9290277777777778,28.05,0.6270240426006478,0.8026569674778378,0.7498661575347723,1,0.9518823646196001,0.55,0.35,0.75,1721.0,0.9290277777777778
vis50,vis50 / fall100 / coll−100 / ε0.1,3,5,50.0,100,-100.0,0.25,0.1,5000,2000,3788.5,3757.76,598.4716220507034,0.1842727370909495,3672.8075,4348.0,560.8239474202221,4089.25,4576.5,892.7,446.35,1.1,1.1,6.95,2.95,0.0,0.8419047619047619,19.35,0.18016065388953464,0.22736336550606953,0.9414736696591206,0,0.9677651468224251,0.3,0.1,0.5,798.25,0.14228174603174615
vis50,vis50 / fall100 / coll−100 / ε0.1,5,7,50.0,100,-100.0,0.25,0.1,5000,2000,3633.65,3587.7,584.0304872179191,0.1925134100536413,3444.16,3177.5,368.15248199625114,3022.98125,3341.25625,701.65,350.825,3.15,3.15,5.5,5.2,0.1,0.5776413863913864,12.5,0.3584772678667743,0.12927888161668433,0.9588119121348934,0,0.9675201644905254,0.0,0.0,0.0,-227.5,0.4789571758650706
vis50,vis50 / fall100 / coll−100 / ε0.1,10,12,50.0,100,-100.0,0.25,0.1,5000,2000,3023.85,3103.76,587.8478224846972,-0.2173021492085969,3003.285,3284.5,473.02457652853514,3072.24375,3479.2687499999997,719.9,359.95,3.0,3.0,19.4,5.6,0.0,0.8256239640960406,44.7,0.5172451055547647,0.4168843524537934,0.7438920429062861,0,0.8626062390336617,0.0,0.0,0.0,-247.25,0.614468761274171
